[
  {
    "userId": "",
    "adId": "OB1",
    "price": 450,
    "category": "Others",   
     "isAction": 0, "isWarning": 0,

    "subCategory": "Books",
    "location": "Talawade",
    "city": "Pune",
    "images": "",
    "description": "Fiction",
    "purchaseYear": 2016,
    "uploadDate": "15-01-2018"
  },
  {
    "userId": "",
    "adId": "OB2",
    "price": 800,
    "category": "Others",    "isAction": 0,     "isWarning": 0,
    "subCategory": "Books",
    "location": "south extention",
    "city": "New Delhi",
    "images": "",
    "description": "Fiction",
    "publicationYear": 2002,
    "uploadDate": "12-03-2018"
  },
  {
    "userId": "",
    "adId": "OB3",
    "price": 425,
    "category": "Others",    "isAction": 0,     "isWarning": 0,
    "subCategory": "Books",
    "location": "Aundh",
    "city": "Pune",
    "images": "",
    "description": "History",
    "purchaseYear": 2016,
    "uploadDate": "12-01-2017"
  },
  {
    "userId": "",
    "adId": "OB4",
    "price": 350,
    "category": "Others",    "isAction": 0,     "isWarning": 0,
    "subCategory": "Books",
    "location": "Talawade",
    "city": "Pune",
    "images": "",
    "description": "Fiction",
    "purchaseYear": 2016,
    "uploadDate": "08-06-2018"
  },
  {
    "userId": "",
    "adId": "OB5",
    "price": 750,
    "category": "Others",    "isAction": 0,     "isWarning": 0,
    "subCategory": "Books",
    "location": "Talawade",
    "city": "Pune",
    "images": "",
    "description": "Auto-Biography",
    "purchaseYear": 2016,
    "uploadDate": "23-11-2016"
  },
  {
    "userId": "",
    "adId": "OB6",
    "price": 825,
    "category": "Others",    "isAction": 0,     "isWarning": 0,
    "subCategory": "Books",
    "location": "Talawade",
    "city": "Pune",
    "images": "",
    "description": "History",
    "purchaseYear": 2016,
    "uploadDate": "26-09-2014"
  },
  {
    "userId": "",
    "adId": "OB7",
    "price": 350,
    "category": "Others",    "isAction": 0,     "isWarning": 0,
    "subCategory": "Books",
    "location": "Talawade",
    "city": "Pune",
    "images": "",
    "description": "Fiction",
    "purchaseYear": 2016,
    "uploadDate": "05-08-2014"
  },
  {
    "userId": "",
    "adId": "OB8",
    "price": 950,
    "category": "Others",    "isAction": 0,     "isWarning": 0,
    "subCategory": "Books",
    "location": "Talawade",
    "city": "Pune",
    "images": "",
    "description": "Fiction",
    "purchaseYear": 2016,
    "uploadDate": "18-11-2013"
  },
  {
    "userId": "",
    "adId": "OB9",
    "price": 250,
    "category": "Others",    "isAction": 0,     "isWarning": 0,
    "subCategory": "Books",
    "location": "Talawade",
    "city": "Pune",
    "images": "",
    "description": "Fiction",
    "purchaseYear": 2016,
    "uploadDate": "25-05-2016"
  },
  {
    "userId": "",
    "adId": "OB10",
    "price": 750,
    "category": "Others",    "isAction": 0,     "isWarning": 0,
    "subCategory": "Books",
    "location": "Talawade",
    "city": "Pune",
    "images": "",
    "description": "History",
    "purchaseYear": 2016,
    "uploadDate": "16-01-2012"
  }
,

  
    {
      "adId": "FN1",
      "userId": "",
      "price": 4000,
      "category": "Others",    "isAction": 0,     "isWarning": 0,
      "subCategory": "Furniture",
      "location": "Pune nigdi",
      "city": "Pune",
      "images": "",
      "purchaseYear": 2016,
      "description": "Table",
      "uploadDate": ""
    },
    {
      "adId": "FN2",
      "userId": "",
      "price": 5000,
      "category": "Others",    "isAction": 0,     "isWarning": 0,
      "subCategory": "Furniture",
      "location": "Pune ravet",
      "city": "Pune",
      "images": "",
      "purchaseYear": 2016,
      "description": "Chair",
      "uploadDate": ""
    },
    {
      "adId": "FN3",
      "userId": "",
      "price": 6000,
      "category": "Others",    "isAction": 0,     "isWarning": 0,
      "subCategory": "Furniture",
      "location": "Pune nigdi",
      "city": "Pune",
      "images": "",
      "purchaseYear": 2016,
      "description": "Chair",
      "uploadDate": ""
    },
    {
      "adId": "FN4",
      "userId": "",
      "price": 4500,
      "category": "Others",    "isAction": 0,     "isWarning": 0,
      "subCategory": "Furniture",
      "location": "Pune hinjewadi",
      "city": "Pune",
      "images": "",
      "purchaseYear": 2016,
      "description": "Table",
      "uploadDate": ""
    },
    {
      "adId": "FN5",
      "userId": "",
      "price": 5500,
      "category": "Others",    "isAction": 0,     "isWarning": 0,
      "subCategory": "Furniture",
      "location": "Pune baner",
      "city": "Pune",
      "images": "",
      "purchaseYear": 2016,
      "description": "Chair",
      "uploadDate": ""
    },
    {
      "adId": "FN6",
      "userId": "",
      "price": 4000,
      "category": "Others",    "isAction": 0,     "isWarning": 0,
      "subCategory": "Furniture",
      "location": "Pune aundh",
      "city": "Pune",
      "images": "",
      "purchaseYear": 2016,
      "description": "Table",
      "uploadDate": ""
    },
    {
      "adId": "FN7",
      "userId": "",
      "price": 4280,
      "category": "Others",    "isAction": 0,     "isWarning": 0,
      "subCategory": "Furniture",
      "location": "Pune shivajinagar",
      "city": "Pune",
      "images": "",
      "purchaseYear": 2016,
      "description": "Chair",
      "uploadDate": ""
    },
    {
      "adId": "FN8",
      "userId": "",
      "price": 3000,
      "category": "Others",    "isAction": 0,     "isWarning": 0,
      "subCategory": "Furniture",
      "location": "Pune park",
      "city": "Pune",
      "images": "",
      "purchaseYear": 2016,
      "description": "Table",
      "uploadDate": ""
    },
    {
      "adId": "FN9",
      "userId": "",
      "price": 2000,
      "category": "Others",    "isAction": 0,     "isWarning": 0,
      "subCategory": "Furniture",
      "location": "Pune viman nagar",
      "city": "Pune",
      "images": "",
      "purchaseYear": 2016,
      "description": "Table",
      "uploadDate": ""
    },
    {
      "adId": "FN10",
      "userId": "",
      "price": 9000,
      "category": "Others",    "isAction": 0,     "isWarning": 0,
      "subCategory": "Furniture",
      "location": "Pune talawade",
      "city": "Pune",
      "images": "",
      "purchaseYear": 2016,
      "description": "Chair",
      "uploadDate": ""
    }
  ]


